,Diagram-ItemDictionary,Diagram-Other,Diagram-Procedural,accuracy,macro avg,weighted avg
precision,0.8354430379746836,0.9204545454545454,0.1377551020408163,0.565410199556541,0.6312175618233484,0.8489037861374
recall,0.5038167938931297,0.552901023890785,1.0,0.565410199556541,0.6855726059279715,0.565410199556541
f1-score,0.6285714285714286,0.6908315565031983,0.24215246636771298,0.565410199556541,0.5205184838141134,0.6458860749228881
support,131.0,293.0,27.0,0.565410199556541,451.0,451.0
