method,precision,recall,f1_score,id
1-Shot,0.9103414210413289,0.9111497693546545,0.9107030642276138,17
2-Shot,0.9038650586159287,0.9095705250774513,0.9066508743797808,17
Vanilla,0.8641649886369742,0.8786657695230232,0.8712224715247041,17
1-Shot + Categorization,0.9046653043200455,0.9069304341953711,0.9057653082743367,17
