method,precision,recall,f1_score,id
1-Shot,0.9229649730651557,0.9249759136106737,0.9239045838698506,17
2-Shot,0.9120589364525129,0.920782106811176,0.916288997741767,17
Vanilla,0.8438338262382707,0.8785178032306911,0.8600834642713285,17
1-Shot + Categorization,0.9195126966147898,0.9218086378311213,0.9205882589498512,17
