,Diagram-ItemDictionary,Diagram-Other,Diagram-Procedural,accuracy,macro avg,weighted avg
precision,0.8470588235294118,0.9302325581395349,0.17880794701986755,0.6629711751662971,0.652033109562938,0.8610879378864149
recall,0.549618320610687,0.6825938566552902,1.0,0.6629711751662971,0.7440707257553257,0.6629711751662971
f1-score,0.6666666666666666,0.7874015748031497,0.3033707865168539,0.6629711751662971,0.58581300932889,0.723354780458118
support,131.0,293.0,27.0,0.6629711751662971,451.0,451.0
