Model,Precision,Recall,F1 Score,Accuracy
1-Shot,0.652033109562938,0.7440707257553257,0.58581300932889,0.6629711751662971
Zero-Shot,0.6312175618233484,0.6855726059279715,0.5205184838141134,0.565410199556541
