method,precision,recall,f1_score,id
1-Shot,0.2376786499929855,0.23791607922200897,0.23714143809770197,17
2-Shot,0.22910252055977173,0.22916220887495373,0.22783102394097987,17
Vanilla,0.1460050641881482,0.14626357021628433,0.14495233352493023,17
1-Shot + Categorization,0.23964477355264618,0.23396080996333313,0.2350990397665514,17
