method,precision,recall,f1_score,id
1-Shot,0.2932704501446032,0.28904950900815946,0.2909413626445404,17
2-Shot,0.2887952011488639,0.29481409378378753,0.2908431397628084,17
Vanilla,0.23469998704722772,0.22538353970479938,0.22942886122149275,17
1-Shot + Categorization,0.2904468063197207,0.2929145030042788,0.2909857808961378,17
