method,precision,recall,f1_score,id
1-Shot,0.3729784474084726,0.37252951691673303,0.37188744979749827,17
2-Shot,0.377038539653065,0.3914601191925961,0.3827126204573133,17
Vanilla,0.3411855047540024,0.3262779287019453,0.3328443582145605,17
1-Shot + Categorization,0.37407691889534056,0.3832190510271277,0.37761159650505527,17
Seq2seq w/SRL,0.20078884584767429,0.24174875888745692,0.2167943305847991,17
