method,precision,recall,f1_score,id
1-Shot,0.9048949803010817,0.9046091761602121,0.9046502351655894,17
2-Shot,0.9048354494742412,0.9092247784106371,0.9069587132507516,17
Vanilla,0.8940111849690845,0.8942675756676974,0.8940145299778139,17
1-Shot + Categorization,0.8990552796802799,0.9018205432251496,0.9003936170882936,17
Seq2seq w/SRL,0.8744744893543972,0.8873597707415085,0.880765441775245,17
